Domain,Area,Element,Item,Year,Unit,Value
"Food Balances (2010-)","World","Production","Meat","2010","1000 t","293053"
"Food Balances (2010-)","World","Import quantity","Meat","2010","1000 t","38033"
"Food Balances (2010-)","World","Stock Variation","Meat","2010","1000 t","-410"
"Food Balances (2010-)","World","Export quantity","Meat","2010","1000 t","41915"
"Food Balances (2010-)","World","Feed","Meat","2010","1000 t","71"
"Food Balances (2010-)","World","Losses","Meat","2010","1000 t","1264"
"Food Balances (2010-)","World","Processing","Meat","2010","1000 t","543"
"Food Balances (2010-)","World","Other uses (non-food)","Meat","2010","1000 t","0"
"Food Balances (2010-)","World","Tourist consumption","Meat","2010","1000 t","538"
"Food Balances (2010-)","World","Residuals","Meat","2010","1000 t","-137"
"Food Balances (2010-)","World","Food","Meat","2010","1000 t","287303"
"Food Balances (2010-)","World","Food supply quantity (kg/capita/yr)","Meat","2010","kg/cap","41.55"
"Food Balances (2010-)","World","Food supply (kcal/capita/day)","Meat","2010","kcal/cap/d","196"
"Food Balances (2010-)","World","Food supply (kcal)","Meat","2010","Kcal","495664694.21"
"Food Balances (2010-)","World","Production","Meat","2011","1000 t","297412"
"Food Balances (2010-)","World","Import quantity","Meat","2011","1000 t","40251"
"Food Balances (2010-)","World","Stock Variation","Meat","2011","1000 t","1527"
"Food Balances (2010-)","World","Export quantity","Meat","2011","1000 t","44087"
"Food Balances (2010-)","World","Feed","Meat","2011","1000 t","74"
"Food Balances (2010-)","World","Losses","Meat","2011","1000 t","1295"
"Food Balances (2010-)","World","Processing","Meat","2011","1000 t","584"
"Food Balances (2010-)","World","Other uses (non-food)","Meat","2011","1000 t","0"
"Food Balances (2010-)","World","Tourist consumption","Meat","2011","1000 t","572"
"Food Balances (2010-)","World","Residuals","Meat","2011","1000 t","99"
"Food Balances (2010-)","World","Food","Meat","2011","1000 t","289425"
"Food Balances (2010-)","World","Food supply quantity (kg/capita/yr)","Meat","2011","kg/cap","41.35"
"Food Balances (2010-)","World","Food supply (kcal/capita/day)","Meat","2011","kcal/cap/d","195"
"Food Balances (2010-)","World","Food supply (kcal)","Meat","2011","Kcal","498233598.89"
"Food Balances (2010-)","World","Production","Meat","2012","1000 t","306101"
"Food Balances (2010-)","World","Import quantity","Meat","2012","1000 t","40785"
"Food Balances (2010-)","World","Stock Variation","Meat","2012","1000 t","5286"
"Food Balances (2010-)","World","Export quantity","Meat","2012","1000 t","44382"
"Food Balances (2010-)","World","Feed","Meat","2012","1000 t","77"
"Food Balances (2010-)","World","Losses","Meat","2012","1000 t","1456"
"Food Balances (2010-)","World","Processing","Meat","2012","1000 t","592"
"Food Balances (2010-)","World","Other uses (non-food)","Meat","2012","1000 t","0"
"Food Balances (2010-)","World","Tourist consumption","Meat","2012","1000 t","572"
"Food Balances (2010-)","World","Residuals","Meat","2012","1000 t","-124"
"Food Balances (2010-)","World","Food","Meat","2012","1000 t","294645"
"Food Balances (2010-)","World","Food supply quantity (kg/capita/yr)","Meat","2012","kg/cap","41.37"
"Food Balances (2010-)","World","Food supply (kcal/capita/day)","Meat","2012","kcal/cap/d","195"
"Food Balances (2010-)","World","Food supply (kcal)","Meat","2012","Kcal","507317401.43"
"Food Balances (2010-)","World","Production","Meat","2013","1000 t","313044"
"Food Balances (2010-)","World","Import quantity","Meat","2013","1000 t","41883"
"Food Balances (2010-)","World","Stock Variation","Meat","2013","1000 t","5728"
"Food Balances (2010-)","World","Export quantity","Meat","2013","1000 t","45905"
"Food Balances (2010-)","World","Feed","Meat","2013","1000 t","79"
"Food Balances (2010-)","World","Losses","Meat","2013","1000 t","1518"
"Food Balances (2010-)","World","Processing","Meat","2013","1000 t","660"
"Food Balances (2010-)","World","Other uses (non-food)","Meat","2013","1000 t","0"
"Food Balances (2010-)","World","Tourist consumption","Meat","2013","1000 t","527"
"Food Balances (2010-)","World","Residuals","Meat","2013","1000 t","-261"
"Food Balances (2010-)","World","Food","Meat","2013","1000 t","300770"
"Food Balances (2010-)","World","Food supply quantity (kg/capita/yr)","Meat","2013","kg/cap","41.72"
"Food Balances (2010-)","World","Food supply (kcal/capita/day)","Meat","2013","kcal/cap/d","197"
"Food Balances (2010-)","World","Food supply (kcal)","Meat","2013","Kcal","517924395.91"
"Food Balances (2010-)","World","Production","Meat","2014","1000 t","318685"
"Food Balances (2010-)","World","Import quantity","Meat","2014","1000 t","42566"
"Food Balances (2010-)","World","Stock Variation","Meat","2014","1000 t","5330"
"Food Balances (2010-)","World","Export quantity","Meat","2014","1000 t","47076"
"Food Balances (2010-)","World","Feed","Meat","2014","1000 t","91"
"Food Balances (2010-)","World","Losses","Meat","2014","1000 t","1455"
"Food Balances (2010-)","World","Processing","Meat","2014","1000 t","662"
"Food Balances (2010-)","World","Other uses (non-food)","Meat","2014","1000 t","0"
"Food Balances (2010-)","World","Tourist consumption","Meat","2014","1000 t","850"
"Food Balances (2010-)","World","Residuals","Meat","2014","1000 t","-62"
"Food Balances (2010-)","World","Food","Meat","2014","1000 t","305849"
"Food Balances (2010-)","World","Food supply quantity (kg/capita/yr)","Meat","2014","kg/cap","41.91"
"Food Balances (2010-)","World","Food supply (kcal/capita/day)","Meat","2014","kcal/cap/d","199"
"Food Balances (2010-)","World","Food supply (kcal)","Meat","2014","Kcal","529142781.71"
"Food Balances (2010-)","World","Production","Meat","2015","1000 t","324406"
"Food Balances (2010-)","World","Import quantity","Meat","2015","1000 t","42907"
"Food Balances (2010-)","World","Stock Variation","Meat","2015","1000 t","5218"
"Food Balances (2010-)","World","Export quantity","Meat","2015","1000 t","46982"
"Food Balances (2010-)","World","Feed","Meat","2015","1000 t","89"
"Food Balances (2010-)","World","Losses","Meat","2015","1000 t","1492"
"Food Balances (2010-)","World","Processing","Meat","2015","1000 t","687"
"Food Balances (2010-)","World","Other uses (non-food)","Meat","2015","1000 t","0"
"Food Balances (2010-)","World","Tourist consumption","Meat","2015","1000 t","710"
"Food Balances (2010-)","World","Residuals","Meat","2015","1000 t","506"
"Food Balances (2010-)","World","Food","Meat","2015","1000 t","311630"
"Food Balances (2010-)","World","Food supply quantity (kg/capita/yr)","Meat","2015","kg/cap","42.2"
"Food Balances (2010-)","World","Food supply (kcal/capita/day)","Meat","2015","kcal/cap/d","200"
"Food Balances (2010-)","World","Food supply (kcal)","Meat","2015","Kcal","539139072.71"
"Food Balances (2010-)","World","Production","Meat","2016","1000 t","328102"
"Food Balances (2010-)","World","Import quantity","Meat","2016","1000 t","44820"
"Food Balances (2010-)","World","Stock Variation","Meat","2016","1000 t","4031"
"Food Balances (2010-)","World","Export quantity","Meat","2016","1000 t","48396"
"Food Balances (2010-)","World","Feed","Meat","2016","1000 t","90"
"Food Balances (2010-)","World","Losses","Meat","2016","1000 t","1507"
"Food Balances (2010-)","World","Processing","Meat","2016","1000 t","782"
"Food Balances (2010-)","World","Other uses (non-food)","Meat","2016","1000 t","0"
"Food Balances (2010-)","World","Tourist consumption","Meat","2016","1000 t","838"
"Food Balances (2010-)","World","Residuals","Meat","2016","1000 t","413"
"Food Balances (2010-)","World","Food","Meat","2016","1000 t","316865"
"Food Balances (2010-)","World","Food supply quantity (kg/capita/yr)","Meat","2016","kg/cap","42.41"
"Food Balances (2010-)","World","Food supply (kcal/capita/day)","Meat","2016","kcal/cap/d","201"
"Food Balances (2010-)","World","Food supply (kcal)","Meat","2016","Kcal","547344893.42"
"Food Balances (2010-)","World","Production","Meat","2017","1000 t","334347"
"Food Balances (2010-)","World","Import quantity","Meat","2017","1000 t","45881"
"Food Balances (2010-)","World","Stock Variation","Meat","2017","1000 t","5519"
"Food Balances (2010-)","World","Export quantity","Meat","2017","1000 t","50053"
"Food Balances (2010-)","World","Feed","Meat","2017","1000 t","107"
"Food Balances (2010-)","World","Losses","Meat","2017","1000 t","1571"
"Food Balances (2010-)","World","Processing","Meat","2017","1000 t","671"
"Food Balances (2010-)","World","Other uses (non-food)","Meat","2017","1000 t","0"
"Food Balances (2010-)","World","Tourist consumption","Meat","2017","1000 t","894"
"Food Balances (2010-)","World","Residuals","Meat","2017","1000 t","234"
"Food Balances (2010-)","World","Food","Meat","2017","1000 t","321179"
"Food Balances (2010-)","World","Food supply quantity (kg/capita/yr)","Meat","2017","kg/cap","42.5"
"Food Balances (2010-)","World","Food supply (kcal/capita/day)","Meat","2017","kcal/cap/d","201"
"Food Balances (2010-)","World","Food supply (kcal)","Meat","2017","Kcal","554263870.72"
"Food Balances (2010-)","World","Production","Meat","2018","1000 t","342314"
"Food Balances (2010-)","World","Import quantity","Meat","2018","1000 t","47839"
"Food Balances (2010-)","World","Stock Variation","Meat","2018","1000 t","6713"
"Food Balances (2010-)","World","Export quantity","Meat","2018","1000 t","51230"
"Food Balances (2010-)","World","Feed","Meat","2018","1000 t","108"
"Food Balances (2010-)","World","Losses","Meat","2018","1000 t","1671"
"Food Balances (2010-)","World","Processing","Meat","2018","1000 t","945"
"Food Balances (2010-)","World","Other uses (non-food)","Meat","2018","1000 t","0"
"Food Balances (2010-)","World","Tourist consumption","Meat","2018","1000 t","888"
"Food Balances (2010-)","World","Residuals","Meat","2018","1000 t","-752"
"Food Balances (2010-)","World","Food","Meat","2018","1000 t","329350"
"Food Balances (2010-)","World","Food supply quantity (kg/capita/yr)","Meat","2018","kg/cap","43.1"
"Food Balances (2010-)","World","Food supply (kcal/capita/day)","Meat","2018","kcal/cap/d","204"
"Food Balances (2010-)","World","Food supply (kcal)","Meat","2018","Kcal","568731658"
"Food Balances (2010-)","World","Production","Meat","2019","1000 t","335869"
"Food Balances (2010-)","World","Import quantity","Meat","2019","1000 t","49995"
"Food Balances (2010-)","World","Stock Variation","Meat","2019","1000 t","-4551"
"Food Balances (2010-)","World","Export quantity","Meat","2019","1000 t","52824"
"Food Balances (2010-)","World","Feed","Meat","2019","1000 t","45"
"Food Balances (2010-)","World","Losses","Meat","2019","1000 t","1737"
"Food Balances (2010-)","World","Processing","Meat","2019","1000 t","894"
"Food Balances (2010-)","World","Other uses (non-food)","Meat","2019","1000 t","0"
"Food Balances (2010-)","World","Tourist consumption","Meat","2019","1000 t","891"
"Food Balances (2010-)","World","Residuals","Meat","2019","1000 t","-787"
"Food Balances (2010-)","World","Food","Meat","2019","1000 t","334810"
"Food Balances (2010-)","World","Food supply quantity (kg/capita/yr)","Meat","2019","kg/cap","43.27"
"Food Balances (2010-)","World","Food supply (kcal/capita/day)","Meat","2019","kcal/cap/d","203"
"Food Balances (2010-)","World","Food supply (kcal)","Meat","2019","Kcal","574693262.32"
"Food Balances (2010-)","World","Production","Meat","2020","1000 t","341636"
"Food Balances (2010-)","World","Import quantity","Meat","2020","1000 t","51465"
"Food Balances (2010-)","World","Stock Variation","Meat","2020","1000 t","6133"
"Food Balances (2010-)","World","Export quantity","Meat","2020","1000 t","53634"
"Food Balances (2010-)","World","Feed","Meat","2020","1000 t","47"
"Food Balances (2010-)","World","Losses","Meat","2020","1000 t","1703"
"Food Balances (2010-)","World","Processing","Meat","2020","1000 t","1026"
"Food Balances (2010-)","World","Other uses (non-food)","Meat","2020","1000 t","0"
"Food Balances (2010-)","World","Tourist consumption","Meat","2020","1000 t","5"
"Food Balances (2010-)","World","Residuals","Meat","2020","1000 t","-456"
"Food Balances (2010-)","World","Food","Meat","2020","1000 t","331011"
"Food Balances (2010-)","World","Food supply quantity (kg/capita/yr)","Meat","2020","kg/cap","42.36"
"Food Balances (2010-)","World","Food supply (kcal/capita/day)","Meat","2020","kcal/cap/d","197"
"Food Balances (2010-)","World","Food supply (kcal)","Meat","2020","Kcal","561637265.09"
"Food Balances (2010-)","World","Production","Meat","2021","1000 t","354603"
"Food Balances (2010-)","World","Import quantity","Meat","2021","1000 t","53756"
"Food Balances (2010-)","World","Stock Variation","Meat","2021","1000 t","7702"
"Food Balances (2010-)","World","Export quantity","Meat","2021","1000 t","55302"
"Food Balances (2010-)","World","Feed","Meat","2021","1000 t","54"
"Food Balances (2010-)","World","Losses","Meat","2021","1000 t","1701"
"Food Balances (2010-)","World","Processing","Meat","2021","1000 t","1161"
"Food Balances (2010-)","World","Other uses (non-food)","Meat","2021","1000 t","0"
"Food Balances (2010-)","World","Tourist consumption","Meat","2021","1000 t","5"
"Food Balances (2010-)","World","Residuals","Meat","2021","1000 t","-695"
"Food Balances (2010-)","World","Food","Meat","2021","1000 t","343130"
"Food Balances (2010-)","World","Food supply quantity (kg/capita/yr)","Meat","2021","kg/cap","43.54"
"Food Balances (2010-)","World","Food supply (kcal/capita/day)","Meat","2021","kcal/cap/d","204"
"Food Balances (2010-)","World","Food supply (kcal)","Meat","2021","Kcal","587413363.46"
"Food Balances (2010-)","World","Production","Meat","2022","1000 t","360800"
"Food Balances (2010-)","World","Import quantity","Meat","2022","1000 t","53054"
"Food Balances (2010-)","World","Stock Variation","Meat","2022","1000 t","2029"
"Food Balances (2010-)","World","Export quantity","Meat","2022","1000 t","55217"
"Food Balances (2010-)","World","Feed","Meat","2022","1000 t","48"
"Food Balances (2010-)","World","Losses","Meat","2022","1000 t","1749"
"Food Balances (2010-)","World","Processing","Meat","2022","1000 t","1238"
"Food Balances (2010-)","World","Other uses (non-food)","Meat","2022","1000 t","0"
"Food Balances (2010-)","World","Tourist consumption","Meat","2022","1000 t","501"
"Food Balances (2010-)","World","Residuals","Meat","2022","1000 t","-858"
"Food Balances (2010-)","World","Food","Meat","2022","1000 t","353929"
"Food Balances (2010-)","World","Food supply quantity (kg/capita/yr)","Meat","2022","kg/cap","44.54"
"Food Balances (2010-)","World","Food supply (kcal/capita/day)","Meat","2022","kcal/cap/d","210"
"Food Balances (2010-)","World","Food supply (kcal)","Meat","2022","Kcal","610368312.89"
"Food Balances (2010-)","World","Production","Offals","2010","1000 t","19063"
"Food Balances (2010-)","World","Import quantity","Offals","2010","1000 t","3759"
"Food Balances (2010-)","World","Stock Variation","Offals","2010","1000 t","21"
"Food Balances (2010-)","World","Export quantity","Offals","2010","1000 t","4279"
"Food Balances (2010-)","World","Feed","Offals","2010","1000 t","1009"
"Food Balances (2010-)","World","Losses","Offals","2010","1000 t","1146"
"Food Balances (2010-)","World","Processing","Offals","2010","1000 t","349"
"Food Balances (2010-)","World","Other uses (non-food)","Offals","2010","1000 t","0"
"Food Balances (2010-)","World","Tourist consumption","Offals","2010","1000 t","64"
"Food Balances (2010-)","World","Residuals","Offals","2010","1000 t","900"
"Food Balances (2010-)","World","Food","Offals","2010","1000 t","15055"
"Food Balances (2010-)","World","Food supply quantity (kg/capita/yr)","Offals","2010","kg/cap","2.18"
"Food Balances (2010-)","World","Food supply (kcal/capita/day)","Offals","2010","kcal/cap/d","8"
"Food Balances (2010-)","World","Food supply (kcal)","Offals","2010","Kcal","20025522.17"
"Food Balances (2010-)","World","Production","Offals","2011","1000 t","19157"
"Food Balances (2010-)","World","Import quantity","Offals","2011","1000 t","3887"
"Food Balances (2010-)","World","Stock Variation","Offals","2011","1000 t","1"
"Food Balances (2010-)","World","Export quantity","Offals","2011","1000 t","4458"
"Food Balances (2010-)","World","Feed","Offals","2011","1000 t","1024"
"Food Balances (2010-)","World","Losses","Offals","2011","1000 t","1142"
"Food Balances (2010-)","World","Processing","Offals","2011","1000 t","338"
"Food Balances (2010-)","World","Other uses (non-food)","Offals","2011","1000 t","0"
"Food Balances (2010-)","World","Tourist consumption","Offals","2011","1000 t","147"
"Food Balances (2010-)","World","Residuals","Offals","2011","1000 t","872"
"Food Balances (2010-)","World","Food","Offals","2011","1000 t","15062"
"Food Balances (2010-)","World","Food supply quantity (kg/capita/yr)","Offals","2011","kg/cap","2.15"
"Food Balances (2010-)","World","Food supply (kcal/capita/day)","Offals","2011","kcal/cap/d","8"
"Food Balances (2010-)","World","Food supply (kcal)","Offals","2011","Kcal","20064129.24"
"Food Balances (2010-)","World","Production","Offals","2012","1000 t","19494"
"Food Balances (2010-)","World","Import quantity","Offals","2012","1000 t","3784"
"Food Balances (2010-)","World","Stock Variation","Offals","2012","1000 t","-8"
"Food Balances (2010-)","World","Export quantity","Offals","2012","1000 t","4442"
"Food Balances (2010-)","World","Feed","Offals","2012","1000 t","983"
"Food Balances (2010-)","World","Losses","Offals","2012","1000 t","1192"
"Food Balances (2010-)","World","Processing","Offals","2012","1000 t","355"
"Food Balances (2010-)","World","Other uses (non-food)","Offals","2012","1000 t","0"
"Food Balances (2010-)","World","Tourist consumption","Offals","2012","1000 t","92"
"Food Balances (2010-)","World","Residuals","Offals","2012","1000 t","875"
"Food Balances (2010-)","World","Food","Offals","2012","1000 t","15346"
"Food Balances (2010-)","World","Food supply quantity (kg/capita/yr)","Offals","2012","kg/cap","2.15"
"Food Balances (2010-)","World","Food supply (kcal/capita/day)","Offals","2012","kcal/cap/d","8"
"Food Balances (2010-)","World","Food supply (kcal)","Offals","2012","Kcal","20405792.77"
"Food Balances (2010-)","World","Production","Offals","2013","1000 t","19917"
"Food Balances (2010-)","World","Import quantity","Offals","2013","1000 t","3902"
"Food Balances (2010-)","World","Stock Variation","Offals","2013","1000 t","-15"
"Food Balances (2010-)","World","Export quantity","Offals","2013","1000 t","4630"
"Food Balances (2010-)","World","Feed","Offals","2013","1000 t","990"
"Food Balances (2010-)","World","Losses","Offals","2013","1000 t","1227"
"Food Balances (2010-)","World","Processing","Offals","2013","1000 t","357"
"Food Balances (2010-)","World","Other uses (non-food)","Offals","2013","1000 t","0"
"Food Balances (2010-)","World","Tourist consumption","Offals","2013","1000 t","90"
"Food Balances (2010-)","World","Residuals","Offals","2013","1000 t","902"
"Food Balances (2010-)","World","Food","Offals","2013","1000 t","15638"
"Food Balances (2010-)","World","Food supply quantity (kg/capita/yr)","Offals","2013","kg/cap","2.17"
"Food Balances (2010-)","World","Food supply (kcal/capita/day)","Offals","2013","kcal/cap/d","8"
"Food Balances (2010-)","World","Food supply (kcal)","Offals","2013","Kcal","20782836.33"
"Food Balances (2010-)","World","Production","Offals","2014","1000 t","20608"
"Food Balances (2010-)","World","Import quantity","Offals","2014","1000 t","4281"
"Food Balances (2010-)","World","Stock Variation","Offals","2014","1000 t","0"
"Food Balances (2010-)","World","Export quantity","Offals","2014","1000 t","5230"
"Food Balances (2010-)","World","Feed","Offals","2014","1000 t","858"
"Food Balances (2010-)","World","Losses","Offals","2014","1000 t","1495"
"Food Balances (2010-)","World","Processing","Offals","2014","1000 t","363"
"Food Balances (2010-)","World","Other uses (non-food)","Offals","2014","1000 t","0"
"Food Balances (2010-)","World","Tourist consumption","Offals","2014","1000 t","152"
"Food Balances (2010-)","World","Residuals","Offals","2014","1000 t","520"
"Food Balances (2010-)","World","Food","Offals","2014","1000 t","16271"
"Food Balances (2010-)","World","Food supply quantity (kg/capita/yr)","Offals","2014","kg/cap","2.23"
"Food Balances (2010-)","World","Food supply (kcal/capita/day)","Offals","2014","kcal/cap/d","8"
"Food Balances (2010-)","World","Food supply (kcal)","Offals","2014","Kcal","21597146.82"
"Food Balances (2010-)","World","Production","Offals","2015","1000 t","20870"
"Food Balances (2010-)","World","Import quantity","Offals","2015","1000 t","4108"
"Food Balances (2010-)","World","Stock Variation","Offals","2015","1000 t","0"
"Food Balances (2010-)","World","Export quantity","Offals","2015","1000 t","5110"
"Food Balances (2010-)","World","Feed","Offals","2015","1000 t","898"
"Food Balances (2010-)","World","Losses","Offals","2015","1000 t","1513"
"Food Balances (2010-)","World","Processing","Offals","2015","1000 t","351"
"Food Balances (2010-)","World","Other uses (non-food)","Offals","2015","1000 t","0"
"Food Balances (2010-)","World","Tourist consumption","Offals","2015","1000 t","138"
"Food Balances (2010-)","World","Residuals","Offals","2015","1000 t","550"
"Food Balances (2010-)","World","Food","Offals","2015","1000 t","16418"
"Food Balances (2010-)","World","Food supply quantity (kg/capita/yr)","Offals","2015","kg/cap","2.22"
"Food Balances (2010-)","World","Food supply (kcal/capita/day)","Offals","2015","kcal/cap/d","8"
"Food Balances (2010-)","World","Food supply (kcal)","Offals","2015","Kcal","21781584.63"
"Food Balances (2010-)","World","Production","Offals","2016","1000 t","21108"
"Food Balances (2010-)","World","Import quantity","Offals","2016","1000 t","4747"
"Food Balances (2010-)","World","Stock Variation","Offals","2016","1000 t","0"
"Food Balances (2010-)","World","Export quantity","Offals","2016","1000 t","5746"
"Food Balances (2010-)","World","Feed","Offals","2016","1000 t","788"
"Food Balances (2010-)","World","Losses","Offals","2016","1000 t","1530"
"Food Balances (2010-)","World","Processing","Offals","2016","1000 t","342"
"Food Balances (2010-)","World","Other uses (non-food)","Offals","2016","1000 t","0"
"Food Balances (2010-)","World","Tourist consumption","Offals","2016","1000 t","106"
"Food Balances (2010-)","World","Residuals","Offals","2016","1000 t","353"
"Food Balances (2010-)","World","Food","Offals","2016","1000 t","16990"
"Food Balances (2010-)","World","Food supply quantity (kg/capita/yr)","Offals","2016","kg/cap","2.27"
"Food Balances (2010-)","World","Food supply (kcal/capita/day)","Offals","2016","kcal/cap/d","8"
"Food Balances (2010-)","World","Food supply (kcal)","Offals","2016","Kcal","22619075.14"
"Food Balances (2010-)","World","Production","Offals","2017","1000 t","21051"
"Food Balances (2010-)","World","Import quantity","Offals","2017","1000 t","5102"
"Food Balances (2010-)","World","Stock Variation","Offals","2017","1000 t","0"
"Food Balances (2010-)","World","Export quantity","Offals","2017","1000 t","5934"
"Food Balances (2010-)","World","Feed","Offals","2017","1000 t","838"
"Food Balances (2010-)","World","Losses","Offals","2017","1000 t","1527"
"Food Balances (2010-)","World","Processing","Offals","2017","1000 t","352"
"Food Balances (2010-)","World","Other uses (non-food)","Offals","2017","1000 t","0"
"Food Balances (2010-)","World","Tourist consumption","Offals","2017","1000 t","132"
"Food Balances (2010-)","World","Residuals","Offals","2017","1000 t","392"
"Food Balances (2010-)","World","Food","Offals","2017","1000 t","16977"
"Food Balances (2010-)","World","Food supply quantity (kg/capita/yr)","Offals","2017","kg/cap","2.25"
"Food Balances (2010-)","World","Food supply (kcal/capita/day)","Offals","2017","kcal/cap/d","8"
"Food Balances (2010-)","World","Food supply (kcal)","Offals","2017","Kcal","22579479.02"
"Food Balances (2010-)","World","Production","Offals","2018","1000 t","21438"
"Food Balances (2010-)","World","Import quantity","Offals","2018","1000 t","5011"
"Food Balances (2010-)","World","Stock Variation","Offals","2018","1000 t","0"
"Food Balances (2010-)","World","Export quantity","Offals","2018","1000 t","5712"
"Food Balances (2010-)","World","Feed","Offals","2018","1000 t","938"
"Food Balances (2010-)","World","Losses","Offals","2018","1000 t","1442"
"Food Balances (2010-)","World","Processing","Offals","2018","1000 t","362"
"Food Balances (2010-)","World","Other uses (non-food)","Offals","2018","1000 t","0"
"Food Balances (2010-)","World","Tourist consumption","Offals","2018","1000 t","136"
"Food Balances (2010-)","World","Residuals","Offals","2018","1000 t","-147"
"Food Balances (2010-)","World","Food","Offals","2018","1000 t","18005"
"Food Balances (2010-)","World","Food supply quantity (kg/capita/yr)","Offals","2018","kg/cap","2.36"
"Food Balances (2010-)","World","Food supply (kcal/capita/day)","Offals","2018","kcal/cap/d","9"
"Food Balances (2010-)","World","Food supply (kcal)","Offals","2018","Kcal","23818030.63"
"Food Balances (2010-)","World","Production","Offals","2019","1000 t","20622"
"Food Balances (2010-)","World","Import quantity","Offals","2019","1000 t","5311"
"Food Balances (2010-)","World","Stock Variation","Offals","2019","1000 t","0"
"Food Balances (2010-)","World","Export quantity","Offals","2019","1000 t","5778"
"Food Balances (2010-)","World","Feed","Offals","2019","1000 t","949"
"Food Balances (2010-)","World","Losses","Offals","2019","1000 t","1513"
"Food Balances (2010-)","World","Processing","Offals","2019","1000 t","377"
"Food Balances (2010-)","World","Other uses (non-food)","Offals","2019","1000 t","0"
"Food Balances (2010-)","World","Tourist consumption","Offals","2019","1000 t","205"
"Food Balances (2010-)","World","Residuals","Offals","2019","1000 t","-842"
"Food Balances (2010-)","World","Food","Offals","2019","1000 t","17953"
"Food Balances (2010-)","World","Food supply quantity (kg/capita/yr)","Offals","2019","kg/cap","2.32"
"Food Balances (2010-)","World","Food supply (kcal/capita/day)","Offals","2019","kcal/cap/d","8"
"Food Balances (2010-)","World","Food supply (kcal)","Offals","2019","Kcal","23633803.38"
"Food Balances (2010-)","World","Production","Offals","2020","1000 t","21836"
"Food Balances (2010-)","World","Import quantity","Offals","2020","1000 t","5542"
"Food Balances (2010-)","World","Stock Variation","Offals","2020","1000 t","0"
"Food Balances (2010-)","World","Export quantity","Offals","2020","1000 t","5837"
"Food Balances (2010-)","World","Feed","Offals","2020","1000 t","1012"
"Food Balances (2010-)","World","Losses","Offals","2020","1000 t","1642"
"Food Balances (2010-)","World","Processing","Offals","2020","1000 t","382"
"Food Balances (2010-)","World","Other uses (non-food)","Offals","2020","1000 t","0"
"Food Balances (2010-)","World","Tourist consumption","Offals","2020","1000 t","0"
"Food Balances (2010-)","World","Residuals","Offals","2020","1000 t","-10"
"Food Balances (2010-)","World","Food","Offals","2020","1000 t","18515"
"Food Balances (2010-)","World","Food supply quantity (kg/capita/yr)","Offals","2020","kg/cap","2.37"
"Food Balances (2010-)","World","Food supply (kcal/capita/day)","Offals","2020","kcal/cap/d","9"
"Food Balances (2010-)","World","Food supply (kcal)","Offals","2020","Kcal","24326650.35"
"Food Balances (2010-)","World","Production","Offals","2021","1000 t","22381"
"Food Balances (2010-)","World","Import quantity","Offals","2021","1000 t","5425"
"Food Balances (2010-)","World","Stock Variation","Offals","2021","1000 t","0"
"Food Balances (2010-)","World","Export quantity","Offals","2021","1000 t","5883"
"Food Balances (2010-)","World","Feed","Offals","2021","1000 t","977"
"Food Balances (2010-)","World","Losses","Offals","2021","1000 t","1716"
"Food Balances (2010-)","World","Processing","Offals","2021","1000 t","363"
"Food Balances (2010-)","World","Other uses (non-food)","Offals","2021","1000 t","0"
"Food Balances (2010-)","World","Tourist consumption","Offals","2021","1000 t","0"
"Food Balances (2010-)","World","Residuals","Offals","2021","1000 t","-507"
"Food Balances (2010-)","World","Food","Offals","2021","1000 t","19374"
"Food Balances (2010-)","World","Food supply quantity (kg/capita/yr)","Offals","2021","kg/cap","2.46"
"Food Balances (2010-)","World","Food supply (kcal/capita/day)","Offals","2021","kcal/cap/d","9"
"Food Balances (2010-)","World","Food supply (kcal)","Offals","2021","Kcal","25648292.82"
"Food Balances (2010-)","World","Production","Offals","2022","1000 t","22738"
"Food Balances (2010-)","World","Import quantity","Offals","2022","1000 t","5127"
"Food Balances (2010-)","World","Stock Variation","Offals","2022","1000 t","0"
"Food Balances (2010-)","World","Export quantity","Offals","2022","1000 t","5695"
"Food Balances (2010-)","World","Feed","Offals","2022","1000 t","963"
"Food Balances (2010-)","World","Losses","Offals","2022","1000 t","1733"
"Food Balances (2010-)","World","Processing","Offals","2022","1000 t","387"
"Food Balances (2010-)","World","Other uses (non-food)","Offals","2022","1000 t","0"
"Food Balances (2010-)","World","Tourist consumption","Offals","2022","1000 t","58"
"Food Balances (2010-)","World","Residuals","Offals","2022","1000 t","-735"
"Food Balances (2010-)","World","Food","Offals","2022","1000 t","19764"
"Food Balances (2010-)","World","Food supply quantity (kg/capita/yr)","Offals","2022","kg/cap","2.49"
"Food Balances (2010-)","World","Food supply (kcal/capita/day)","Offals","2022","kcal/cap/d","9"
"Food Balances (2010-)","World","Food supply (kcal)","Offals","2022","Kcal","26127242.91"
"Food Balances (2010-)","World","Production","Animal fats","2010","1000 t","38921"
"Food Balances (2010-)","World","Import quantity","Animal fats","2010","1000 t","9619"
"Food Balances (2010-)","World","Stock Variation","Animal fats","2010","1000 t","-161"
"Food Balances (2010-)","World","Export quantity","Animal fats","2010","1000 t","8323"
"Food Balances (2010-)","World","Feed","Animal fats","2010","1000 t","1247"
"Food Balances (2010-)","World","Losses","Animal fats","2010","1000 t","559"
"Food Balances (2010-)","World","Processing","Animal fats","2010","1000 t","1676"
"Food Balances (2010-)","World","Other uses (non-food)","Animal fats","2010","1000 t","9202"
"Food Balances (2010-)","World","Tourist consumption","Animal fats","2010","1000 t","73"
"Food Balances (2010-)","World","Residuals","Animal fats","2010","1000 t","7329"
"Food Balances (2010-)","World","Food","Animal fats","2010","1000 t","20291"
"Food Balances (2010-)","World","Food supply quantity (kg/capita/yr)","Animal fats","2010","kg/cap","2.93"
"Food Balances (2010-)","World","Food supply (kcal/capita/day)","Animal fats","2010","kcal/cap/d","61"
"Food Balances (2010-)","World","Food supply (kcal)","Animal fats","2010","Kcal","154481385.53"
"Food Balances (2010-)","World","Production","Animal fats","2011","1000 t","39825"
"Food Balances (2010-)","World","Import quantity","Animal fats","2011","1000 t","9335"
"Food Balances (2010-)","World","Stock Variation","Animal fats","2011","1000 t","87"
"Food Balances (2010-)","World","Export quantity","Animal fats","2011","1000 t","8812"
"Food Balances (2010-)","World","Feed","Animal fats","2011","1000 t","1298"
"Food Balances (2010-)","World","Losses","Animal fats","2011","1000 t","614"
"Food Balances (2010-)","World","Processing","Animal fats","2011","1000 t","1696"
"Food Balances (2010-)","World","Other uses (non-food)","Animal fats","2011","1000 t","8716"
"Food Balances (2010-)","World","Tourist consumption","Animal fats","2011","1000 t","59"
"Food Balances (2010-)","World","Residuals","Animal fats","2011","1000 t","7405"
"Food Balances (2010-)","World","Food","Animal fats","2011","1000 t","20474"
"Food Balances (2010-)","World","Food supply quantity (kg/capita/yr)","Animal fats","2011","kg/cap","2.92"
"Food Balances (2010-)","World","Food supply (kcal/capita/day)","Animal fats","2011","kcal/cap/d","62"
"Food Balances (2010-)","World","Food supply (kcal)","Animal fats","2011","Kcal","158110900.6"
"Food Balances (2010-)","World","Production","Animal fats","2012","1000 t","40398"
"Food Balances (2010-)","World","Import quantity","Animal fats","2012","1000 t","9507"
"Food Balances (2010-)","World","Stock Variation","Animal fats","2012","1000 t","53"
"Food Balances (2010-)","World","Export quantity","Animal fats","2012","1000 t","9153"
"Food Balances (2010-)","World","Feed","Animal fats","2012","1000 t","1262"
"Food Balances (2010-)","World","Losses","Animal fats","2012","1000 t","642"
"Food Balances (2010-)","World","Processing","Animal fats","2012","1000 t","1706"
"Food Balances (2010-)","World","Other uses (non-food)","Animal fats","2012","1000 t","9034"
"Food Balances (2010-)","World","Tourist consumption","Animal fats","2012","1000 t","61"
"Food Balances (2010-)","World","Residuals","Animal fats","2012","1000 t","7102"
"Food Balances (2010-)","World","Food","Animal fats","2012","1000 t","20894"
"Food Balances (2010-)","World","Food supply quantity (kg/capita/yr)","Animal fats","2012","kg/cap","2.93"
"Food Balances (2010-)","World","Food supply (kcal/capita/day)","Animal fats","2012","kcal/cap/d","62"
"Food Balances (2010-)","World","Food supply (kcal)","Animal fats","2012","Kcal","161299584.44"
"Food Balances (2010-)","World","Production","Animal fats","2013","1000 t","40854"
"Food Balances (2010-)","World","Import quantity","Animal fats","2013","1000 t","8725"
"Food Balances (2010-)","World","Stock Variation","Animal fats","2013","1000 t","43"
"Food Balances (2010-)","World","Export quantity","Animal fats","2013","1000 t","8995"
"Food Balances (2010-)","World","Feed","Animal fats","2013","1000 t","1098"
"Food Balances (2010-)","World","Losses","Animal fats","2013","1000 t","622"
"Food Balances (2010-)","World","Processing","Animal fats","2013","1000 t","1681"
"Food Balances (2010-)","World","Other uses (non-food)","Animal fats","2013","1000 t","8637"
"Food Balances (2010-)","World","Tourist consumption","Animal fats","2013","1000 t","67"
"Food Balances (2010-)","World","Residuals","Animal fats","2013","1000 t","7265"
"Food Balances (2010-)","World","Food","Animal fats","2013","1000 t","21172"
"Food Balances (2010-)","World","Food supply quantity (kg/capita/yr)","Animal fats","2013","kg/cap","2.94"
"Food Balances (2010-)","World","Food supply (kcal/capita/day)","Animal fats","2013","kcal/cap/d","62"
"Food Balances (2010-)","World","Food supply (kcal)","Animal fats","2013","Kcal","163702065.1"
"Food Balances (2010-)","World","Production","Animal fats","2014","1000 t","42376"
"Food Balances (2010-)","World","Import quantity","Animal fats","2014","1000 t","9093"
"Food Balances (2010-)","World","Stock Variation","Animal fats","2014","1000 t","541"
"Food Balances (2010-)","World","Export quantity","Animal fats","2014","1000 t","8973"
"Food Balances (2010-)","World","Feed","Animal fats","2014","1000 t","1224"
"Food Balances (2010-)","World","Losses","Animal fats","2014","1000 t","763"
"Food Balances (2010-)","World","Processing","Animal fats","2014","1000 t","1652"
"Food Balances (2010-)","World","Other uses (non-food)","Animal fats","2014","1000 t","9417"
"Food Balances (2010-)","World","Tourist consumption","Animal fats","2014","1000 t","39"
"Food Balances (2010-)","World","Residuals","Animal fats","2014","1000 t","6749"
"Food Balances (2010-)","World","Food","Animal fats","2014","1000 t","22113"
"Food Balances (2010-)","World","Food supply quantity (kg/capita/yr)","Animal fats","2014","kg/cap","3.03"
"Food Balances (2010-)","World","Food supply (kcal/capita/day)","Animal fats","2014","kcal/cap/d","64"
"Food Balances (2010-)","World","Food supply (kcal)","Animal fats","2014","Kcal","170736217.06"
"Food Balances (2010-)","World","Production","Animal fats","2015","1000 t","43227"
"Food Balances (2010-)","World","Import quantity","Animal fats","2015","1000 t","9197"
"Food Balances (2010-)","World","Stock Variation","Animal fats","2015","1000 t","589"
"Food Balances (2010-)","World","Export quantity","Animal fats","2015","1000 t","8982"
"Food Balances (2010-)","World","Feed","Animal fats","2015","1000 t","1241"
"Food Balances (2010-)","World","Losses","Animal fats","2015","1000 t","747"
"Food Balances (2010-)","World","Processing","Animal fats","2015","1000 t","2044"
"Food Balances (2010-)","World","Other uses (non-food)","Animal fats","2015","1000 t","9651"
"Food Balances (2010-)","World","Tourist consumption","Animal fats","2015","1000 t","42"
"Food Balances (2010-)","World","Residuals","Animal fats","2015","1000 t","6625"
"Food Balances (2010-)","World","Food","Animal fats","2015","1000 t","22502"
"Food Balances (2010-)","World","Food supply quantity (kg/capita/yr)","Animal fats","2015","kg/cap","3.05"
"Food Balances (2010-)","World","Food supply (kcal/capita/day)","Animal fats","2015","kcal/cap/d","65"
"Food Balances (2010-)","World","Food supply (kcal)","Animal fats","2015","Kcal","173875961.71"
"Food Balances (2010-)","World","Production","Animal fats","2016","1000 t","43824"
"Food Balances (2010-)","World","Import quantity","Animal fats","2016","1000 t","9368"
"Food Balances (2010-)","World","Stock Variation","Animal fats","2016","1000 t","631"
"Food Balances (2010-)","World","Export quantity","Animal fats","2016","1000 t","9377"
"Food Balances (2010-)","World","Feed","Animal fats","2016","1000 t","1350"
"Food Balances (2010-)","World","Losses","Animal fats","2016","1000 t","749"
"Food Balances (2010-)","World","Processing","Animal fats","2016","1000 t","2016"
"Food Balances (2010-)","World","Other uses (non-food)","Animal fats","2016","1000 t","9673"
"Food Balances (2010-)","World","Tourist consumption","Animal fats","2016","1000 t","44"
"Food Balances (2010-)","World","Residuals","Animal fats","2016","1000 t","6635"
"Food Balances (2010-)","World","Food","Animal fats","2016","1000 t","22716"
"Food Balances (2010-)","World","Food supply quantity (kg/capita/yr)","Animal fats","2016","kg/cap","3.04"
"Food Balances (2010-)","World","Food supply (kcal/capita/day)","Animal fats","2016","kcal/cap/d","64"
"Food Balances (2010-)","World","Food supply (kcal)","Animal fats","2016","Kcal","175355800.28"
"Food Balances (2010-)","World","Production","Animal fats","2017","1000 t","44645"
"Food Balances (2010-)","World","Import quantity","Animal fats","2017","1000 t","9868"
"Food Balances (2010-)","World","Stock Variation","Animal fats","2017","1000 t","335"
"Food Balances (2010-)","World","Export quantity","Animal fats","2017","1000 t","9963"
"Food Balances (2010-)","World","Feed","Animal fats","2017","1000 t","1435"
"Food Balances (2010-)","World","Losses","Animal fats","2017","1000 t","775"
"Food Balances (2010-)","World","Processing","Animal fats","2017","1000 t","2028"
"Food Balances (2010-)","World","Other uses (non-food)","Animal fats","2017","1000 t","9876"
"Food Balances (2010-)","World","Tourist consumption","Animal fats","2017","1000 t","44"
"Food Balances (2010-)","World","Residuals","Animal fats","2017","1000 t","6829"
"Food Balances (2010-)","World","Food","Animal fats","2017","1000 t","23227"
"Food Balances (2010-)","World","Food supply quantity (kg/capita/yr)","Animal fats","2017","kg/cap","3.07"
"Food Balances (2010-)","World","Food supply (kcal/capita/day)","Animal fats","2017","kcal/cap/d","65"
"Food Balances (2010-)","World","Food supply (kcal)","Animal fats","2017","Kcal","179036955.56"
"Food Balances (2010-)","World","Production","Animal fats","2018","1000 t","45650"
"Food Balances (2010-)","World","Import quantity","Animal fats","2018","1000 t","10380"
"Food Balances (2010-)","World","Stock Variation","Animal fats","2018","1000 t","757"
"Food Balances (2010-)","World","Export quantity","Animal fats","2018","1000 t","10177"
"Food Balances (2010-)","World","Feed","Animal fats","2018","1000 t","1492"
"Food Balances (2010-)","World","Losses","Animal fats","2018","1000 t","2021"
"Food Balances (2010-)","World","Processing","Animal fats","2018","1000 t","2094"
"Food Balances (2010-)","World","Other uses (non-food)","Animal fats","2018","1000 t","8912"
"Food Balances (2010-)","World","Tourist consumption","Animal fats","2018","1000 t","33"
"Food Balances (2010-)","World","Residuals","Animal fats","2018","1000 t","6561"
"Food Balances (2010-)","World","Food","Animal fats","2018","1000 t","23983"
"Food Balances (2010-)","World","Food supply quantity (kg/capita/yr)","Animal fats","2018","kg/cap","3.14"
"Food Balances (2010-)","World","Food supply (kcal/capita/day)","Animal fats","2018","kcal/cap/d","66"
"Food Balances (2010-)","World","Food supply (kcal)","Animal fats","2018","Kcal","184740982.92"
"Food Balances (2010-)","World","Production","Animal fats","2019","1000 t","45927"
"Food Balances (2010-)","World","Import quantity","Animal fats","2019","1000 t","10682"
"Food Balances (2010-)","World","Stock Variation","Animal fats","2019","1000 t","653"
"Food Balances (2010-)","World","Export quantity","Animal fats","2019","1000 t","10417"
"Food Balances (2010-)","World","Feed","Animal fats","2019","1000 t","1621"
"Food Balances (2010-)","World","Losses","Animal fats","2019","1000 t","1053"
"Food Balances (2010-)","World","Processing","Animal fats","2019","1000 t","2312"
"Food Balances (2010-)","World","Other uses (non-food)","Animal fats","2019","1000 t","9339"
"Food Balances (2010-)","World","Tourist consumption","Animal fats","2019","1000 t","36"
"Food Balances (2010-)","World","Residuals","Animal fats","2019","1000 t","6423"
"Food Balances (2010-)","World","Food","Animal fats","2019","1000 t","24755"
"Food Balances (2010-)","World","Food supply quantity (kg/capita/yr)","Animal fats","2019","kg/cap","3.2"
"Food Balances (2010-)","World","Food supply (kcal/capita/day)","Animal fats","2019","kcal/cap/d","67"
"Food Balances (2010-)","World","Food supply (kcal)","Animal fats","2019","Kcal","187947476.77"
"Food Balances (2010-)","World","Production","Animal fats","2020","1000 t","46251"
"Food Balances (2010-)","World","Import quantity","Animal fats","2020","1000 t","10641"
"Food Balances (2010-)","World","Stock Variation","Animal fats","2020","1000 t","355"
"Food Balances (2010-)","World","Export quantity","Animal fats","2020","1000 t","10575"
"Food Balances (2010-)","World","Feed","Animal fats","2020","1000 t","1601"
"Food Balances (2010-)","World","Losses","Animal fats","2020","1000 t","1049"
"Food Balances (2010-)","World","Processing","Animal fats","2020","1000 t","2401"
"Food Balances (2010-)","World","Other uses (non-food)","Animal fats","2020","1000 t","9946"
"Food Balances (2010-)","World","Tourist consumption","Animal fats","2020","1000 t","0"
"Food Balances (2010-)","World","Residuals","Animal fats","2020","1000 t","6197"
"Food Balances (2010-)","World","Food","Animal fats","2020","1000 t","24768"
"Food Balances (2010-)","World","Food supply quantity (kg/capita/yr)","Animal fats","2020","kg/cap","3.17"
"Food Balances (2010-)","World","Food supply (kcal/capita/day)","Animal fats","2020","kcal/cap/d","65"
"Food Balances (2010-)","World","Food supply (kcal)","Animal fats","2020","Kcal","186748767.82"
"Food Balances (2010-)","World","Production","Animal fats","2021","1000 t","47963"
"Food Balances (2010-)","World","Import quantity","Animal fats","2021","1000 t","11508"
"Food Balances (2010-)","World","Stock Variation","Animal fats","2021","1000 t","121"
"Food Balances (2010-)","World","Export quantity","Animal fats","2021","1000 t","11344"
"Food Balances (2010-)","World","Feed","Animal fats","2021","1000 t","1716"
"Food Balances (2010-)","World","Losses","Animal fats","2021","1000 t","1428"
"Food Balances (2010-)","World","Processing","Animal fats","2021","1000 t","2438"
"Food Balances (2010-)","World","Other uses (non-food)","Animal fats","2021","1000 t","10562"
"Food Balances (2010-)","World","Tourist consumption","Animal fats","2021","1000 t","0"
"Food Balances (2010-)","World","Residuals","Animal fats","2021","1000 t","6136"
"Food Balances (2010-)","World","Food","Animal fats","2021","1000 t","25726"
"Food Balances (2010-)","World","Food supply quantity (kg/capita/yr)","Animal fats","2021","kg/cap","3.26"
"Food Balances (2010-)","World","Food supply (kcal/capita/day)","Animal fats","2021","kcal/cap/d","68"
"Food Balances (2010-)","World","Food supply (kcal)","Animal fats","2021","Kcal","194649244.2"
"Food Balances (2010-)","World","Production","Animal fats","2022","1000 t","47847"
"Food Balances (2010-)","World","Import quantity","Animal fats","2022","1000 t","11955"
"Food Balances (2010-)","World","Stock Variation","Animal fats","2022","1000 t","226"
"Food Balances (2010-)","World","Export quantity","Animal fats","2022","1000 t","11519"
"Food Balances (2010-)","World","Feed","Animal fats","2022","1000 t","1843"
"Food Balances (2010-)","World","Losses","Animal fats","2022","1000 t","1419"
"Food Balances (2010-)","World","Processing","Animal fats","2022","1000 t","2462"
"Food Balances (2010-)","World","Other uses (non-food)","Animal fats","2022","1000 t","10845"
"Food Balances (2010-)","World","Tourist consumption","Animal fats","2022","1000 t","21"
"Food Balances (2010-)","World","Residuals","Animal fats","2022","1000 t","5848"
"Food Balances (2010-)","World","Food","Animal fats","2022","1000 t","25617"
"Food Balances (2010-)","World","Food supply quantity (kg/capita/yr)","Animal fats","2022","kg/cap","3.22"
"Food Balances (2010-)","World","Food supply (kcal/capita/day)","Animal fats","2022","kcal/cap/d","67"
"Food Balances (2010-)","World","Food supply (kcal)","Animal fats","2022","Kcal","193282879.04"
"Food Balances (2010-)","World","Production","Eggs","2010","1000 t","69443"
"Food Balances (2010-)","World","Import quantity","Eggs","2010","1000 t","2543"
"Food Balances (2010-)","World","Stock Variation","Eggs","2010","1000 t","2"
"Food Balances (2010-)","World","Export quantity","Eggs","2010","1000 t","2601"
"Food Balances (2010-)","World","Feed","Eggs","2010","1000 t","69"
"Food Balances (2010-)","World","Seed","Eggs","2010","1000 t","4437"
"Food Balances (2010-)","World","Losses","Eggs","2010","1000 t","3522"
"Food Balances (2010-)","World","Other uses (non-food)","Eggs","2010","1000 t","31"
"Food Balances (2010-)","World","Tourist consumption","Eggs","2010","1000 t","40"
"Food Balances (2010-)","World","Residuals","Eggs","2010","1000 t","117"
"Food Balances (2010-)","World","Food","Eggs","2010","1000 t","61168"
"Food Balances (2010-)","World","Food supply quantity (kg/capita/yr)","Eggs","2010","kg/cap","8.85"
"Food Balances (2010-)","World","Food supply (kcal/capita/day)","Eggs","2010","kcal/cap/d","31"
"Food Balances (2010-)","World","Food supply (kcal)","Eggs","2010","Kcal","79176398.61"
"Food Balances (2010-)","World","Production","Eggs","2011","1000 t","70789"
"Food Balances (2010-)","World","Import quantity","Eggs","2011","1000 t","2560"
"Food Balances (2010-)","World","Stock Variation","Eggs","2011","1000 t","-3"
"Food Balances (2010-)","World","Export quantity","Eggs","2011","1000 t","2717"
"Food Balances (2010-)","World","Feed","Eggs","2011","1000 t","78"
"Food Balances (2010-)","World","Seed","Eggs","2011","1000 t","4537"
"Food Balances (2010-)","World","Losses","Eggs","2011","1000 t","3613"
"Food Balances (2010-)","World","Other uses (non-food)","Eggs","2011","1000 t","32"
"Food Balances (2010-)","World","Tourist consumption","Eggs","2011","1000 t","44"
"Food Balances (2010-)","World","Residuals","Eggs","2011","1000 t","137"
"Food Balances (2010-)","World","Food","Eggs","2011","1000 t","62195"
"Food Balances (2010-)","World","Food supply quantity (kg/capita/yr)","Eggs","2011","kg/cap","8.89"
"Food Balances (2010-)","World","Food supply (kcal/capita/day)","Eggs","2011","kcal/cap/d","32"
"Food Balances (2010-)","World","Food supply (kcal)","Eggs","2011","Kcal","80511724.29"
"Food Balances (2010-)","World","Production","Eggs","2012","1000 t","72572"
"Food Balances (2010-)","World","Import quantity","Eggs","2012","1000 t","2748"
"Food Balances (2010-)","World","Stock Variation","Eggs","2012","1000 t","10"
"Food Balances (2010-)","World","Export quantity","Eggs","2012","1000 t","2806"
"Food Balances (2010-)","World","Feed","Eggs","2012","1000 t","73"
"Food Balances (2010-)","World","Seed","Eggs","2012","1000 t","4685"
"Food Balances (2010-)","World","Losses","Eggs","2012","1000 t","3703"
"Food Balances (2010-)","World","Other uses (non-food)","Eggs","2012","1000 t","40"
"Food Balances (2010-)","World","Tourist consumption","Eggs","2012","1000 t","49"
"Food Balances (2010-)","World","Residuals","Eggs","2012","1000 t","108"
"Food Balances (2010-)","World","Food","Eggs","2012","1000 t","63848"
"Food Balances (2010-)","World","Food supply quantity (kg/capita/yr)","Eggs","2012","kg/cap","8.97"
"Food Balances (2010-)","World","Food supply (kcal/capita/day)","Eggs","2012","kcal/cap/d","32"
"Food Balances (2010-)","World","Food supply (kcal)","Eggs","2012","Kcal","82636581"
"Food Balances (2010-)","World","Production","Eggs","2013","1000 t","74310"
"Food Balances (2010-)","World","Import quantity","Eggs","2013","1000 t","3002"
"Food Balances (2010-)","World","Stock Variation","Eggs","2013","1000 t","52"
"Food Balances (2010-)","World","Export quantity","Eggs","2013","1000 t","3000"
"Food Balances (2010-)","World","Feed","Eggs","2013","1000 t","76"
"Food Balances (2010-)","World","Seed","Eggs","2013","1000 t","4825"
"Food Balances (2010-)","World","Losses","Eggs","2013","1000 t","3810"
"Food Balances (2010-)","World","Other uses (non-food)","Eggs","2013","1000 t","44"
"Food Balances (2010-)","World","Tourist consumption","Eggs","2013","1000 t","62"
"Food Balances (2010-)","World","Residuals","Eggs","2013","1000 t","157"
"Food Balances (2010-)","World","Food","Eggs","2013","1000 t","65286"
"Food Balances (2010-)","World","Food supply quantity (kg/capita/yr)","Eggs","2013","kg/cap","9.06"
"Food Balances (2010-)","World","Food supply (kcal/capita/day)","Eggs","2013","kcal/cap/d","32"
"Food Balances (2010-)","World","Food supply (kcal)","Eggs","2013","Kcal","84482321.08"
"Food Balances (2010-)","World","Production","Eggs","2014","1000 t","75823"
"Food Balances (2010-)","World","Import quantity","Eggs","2014","1000 t","3131"
"Food Balances (2010-)","World","Stock Variation","Eggs","2014","1000 t","15"
"Food Balances (2010-)","World","Export quantity","Eggs","2014","1000 t","3155"
"Food Balances (2010-)","World","Feed","Eggs","2014","1000 t","83"
"Food Balances (2010-)","World","Seed","Eggs","2014","1000 t","4987"
"Food Balances (2010-)","World","Losses","Eggs","2014","1000 t","3871"
"Food Balances (2010-)","World","Other uses (non-food)","Eggs","2014","1000 t","31"
"Food Balances (2010-)","World","Tourist consumption","Eggs","2014","1000 t","72"
"Food Balances (2010-)","World","Residuals","Eggs","2014","1000 t","187"
"Food Balances (2010-)","World","Food","Eggs","2014","1000 t","66553"
"Food Balances (2010-)","World","Food supply quantity (kg/capita/yr)","Eggs","2014","kg/cap","9.12"
"Food Balances (2010-)","World","Food supply (kcal/capita/day)","Eggs","2014","kcal/cap/d","32"
"Food Balances (2010-)","World","Food supply (kcal)","Eggs","2014","Kcal","86163408.44"
"Food Balances (2010-)","World","Production","Eggs","2015","1000 t","78248"
"Food Balances (2010-)","World","Import quantity","Eggs","2015","1000 t","3122"
"Food Balances (2010-)","World","Stock Variation","Eggs","2015","1000 t","51"
"Food Balances (2010-)","World","Export quantity","Eggs","2015","1000 t","3132"
"Food Balances (2010-)","World","Feed","Eggs","2015","1000 t","86"
"Food Balances (2010-)","World","Seed","Eggs","2015","1000 t","5102"
"Food Balances (2010-)","World","Losses","Eggs","2015","1000 t","4063"
"Food Balances (2010-)","World","Other uses (non-food)","Eggs","2015","1000 t","38"
"Food Balances (2010-)","World","Tourist consumption","Eggs","2015","1000 t","77"
"Food Balances (2010-)","World","Residuals","Eggs","2015","1000 t","199"
"Food Balances (2010-)","World","Food","Eggs","2015","1000 t","68624"
"Food Balances (2010-)","World","Food supply quantity (kg/capita/yr)","Eggs","2015","kg/cap","9.29"
"Food Balances (2010-)","World","Food supply (kcal/capita/day)","Eggs","2015","kcal/cap/d","33"
"Food Balances (2010-)","World","Food supply (kcal)","Eggs","2015","Kcal","88908308.78"
"Food Balances (2010-)","World","Production","Eggs","2016","1000 t","80368"
"Food Balances (2010-)","World","Import quantity","Eggs","2016","1000 t","3144"
"Food Balances (2010-)","World","Stock Variation","Eggs","2016","1000 t","48"
"Food Balances (2010-)","World","Export quantity","Eggs","2016","1000 t","2998"
"Food Balances (2010-)","World","Feed","Eggs","2016","1000 t","86"
"Food Balances (2010-)","World","Seed","Eggs","2016","1000 t","5219"
"Food Balances (2010-)","World","Losses","Eggs","2016","1000 t","4183"
"Food Balances (2010-)","World","Other uses (non-food)","Eggs","2016","1000 t","36"
"Food Balances (2010-)","World","Tourist consumption","Eggs","2016","1000 t","82"
"Food Balances (2010-)","World","Residuals","Eggs","2016","1000 t","215"
"Food Balances (2010-)","World","Food","Eggs","2016","1000 t","70647"
"Food Balances (2010-)","World","Food supply quantity (kg/capita/yr)","Eggs","2016","kg/cap","9.46"
"Food Balances (2010-)","World","Food supply (kcal/capita/day)","Eggs","2016","kcal/cap/d","34"
"Food Balances (2010-)","World","Food supply (kcal)","Eggs","2016","Kcal","91492698.04"
"Food Balances (2010-)","World","Production","Eggs","2017","1000 t","84548"
"Food Balances (2010-)","World","Import quantity","Eggs","2017","1000 t","3296"
"Food Balances (2010-)","World","Stock Variation","Eggs","2017","1000 t","78"
"Food Balances (2010-)","World","Export quantity","Eggs","2017","1000 t","3278"
"Food Balances (2010-)","World","Feed","Eggs","2017","1000 t","87"
"Food Balances (2010-)","World","Seed","Eggs","2017","1000 t","5792"
"Food Balances (2010-)","World","Losses","Eggs","2017","1000 t","4397"
"Food Balances (2010-)","World","Other uses (non-food)","Eggs","2017","1000 t","33"
"Food Balances (2010-)","World","Tourist consumption","Eggs","2017","1000 t","86"
"Food Balances (2010-)","World","Residuals","Eggs","2017","1000 t","215"
"Food Balances (2010-)","World","Food","Eggs","2017","1000 t","73879"
"Food Balances (2010-)","World","Food supply quantity (kg/capita/yr)","Eggs","2017","kg/cap","9.78"
"Food Balances (2010-)","World","Food supply (kcal/capita/day)","Eggs","2017","kcal/cap/d","35"
"Food Balances (2010-)","World","Food supply (kcal)","Eggs","2017","Kcal","95485375.14"
"Food Balances (2010-)","World","Production","Eggs","2018","1000 t","86613"
"Food Balances (2010-)","World","Import quantity","Eggs","2018","1000 t","3394"
"Food Balances (2010-)","World","Stock Variation","Eggs","2018","1000 t","70"
"Food Balances (2010-)","World","Export quantity","Eggs","2018","1000 t","3474"
"Food Balances (2010-)","World","Feed","Eggs","2018","1000 t","85"
"Food Balances (2010-)","World","Seed","Eggs","2018","1000 t","5972"
"Food Balances (2010-)","World","Losses","Eggs","2018","1000 t","4495"
"Food Balances (2010-)","World","Other uses (non-food)","Eggs","2018","1000 t","35"
"Food Balances (2010-)","World","Tourist consumption","Eggs","2018","1000 t","87"
"Food Balances (2010-)","World","Residuals","Eggs","2018","1000 t","-82"
"Food Balances (2010-)","World","Food","Eggs","2018","1000 t","75870"
"Food Balances (2010-)","World","Food supply quantity (kg/capita/yr)","Eggs","2018","kg/cap","9.93"
"Food Balances (2010-)","World","Food supply (kcal/capita/day)","Eggs","2018","kcal/cap/d","35"
"Food Balances (2010-)","World","Food supply (kcal)","Eggs","2018","Kcal","98005469.42"
"Food Balances (2010-)","World","Production","Eggs","2019","1000 t","90559"
"Food Balances (2010-)","World","Import quantity","Eggs","2019","1000 t","3413"
"Food Balances (2010-)","World","Stock Variation","Eggs","2019","1000 t","53"
"Food Balances (2010-)","World","Export quantity","Eggs","2019","1000 t","3503"
"Food Balances (2010-)","World","Feed","Eggs","2019","1000 t","86"
"Food Balances (2010-)","World","Seed","Eggs","2019","1000 t","6107"
"Food Balances (2010-)","World","Losses","Eggs","2019","1000 t","4835"
"Food Balances (2010-)","World","Other uses (non-food)","Eggs","2019","1000 t","38"
"Food Balances (2010-)","World","Tourist consumption","Eggs","2019","1000 t","93"
"Food Balances (2010-)","World","Residuals","Eggs","2019","1000 t","-362"
"Food Balances (2010-)","World","Food","Eggs","2019","1000 t","79618"
"Food Balances (2010-)","World","Food supply quantity (kg/capita/yr)","Eggs","2019","kg/cap","10.29"
"Food Balances (2010-)","World","Food supply (kcal/capita/day)","Eggs","2019","kcal/cap/d","36"
"Food Balances (2010-)","World","Food supply (kcal)","Eggs","2019","Kcal","102810303.22"
"Food Balances (2010-)","World","Production","Eggs","2020","1000 t","93580"
"Food Balances (2010-)","World","Import quantity","Eggs","2020","1000 t","3414"
"Food Balances (2010-)","World","Stock Variation","Eggs","2020","1000 t","61"
"Food Balances (2010-)","World","Export quantity","Eggs","2020","1000 t","3400"
"Food Balances (2010-)","World","Feed","Eggs","2020","1000 t","91"
"Food Balances (2010-)","World","Seed","Eggs","2020","1000 t","6309"
"Food Balances (2010-)","World","Losses","Eggs","2020","1000 t","4707"
"Food Balances (2010-)","World","Other uses (non-food)","Eggs","2020","1000 t","29"
"Food Balances (2010-)","World","Tourist consumption","Eggs","2020","1000 t","0"
"Food Balances (2010-)","World","Residuals","Eggs","2020","1000 t","-289"
"Food Balances (2010-)","World","Food","Eggs","2020","1000 t","82687"
"Food Balances (2010-)","World","Food supply quantity (kg/capita/yr)","Eggs","2020","kg/cap","10.58"
"Food Balances (2010-)","World","Food supply (kcal/capita/day)","Eggs","2020","kcal/cap/d","37"
"Food Balances (2010-)","World","Food supply (kcal)","Eggs","2020","Kcal","106831926.82"
"Food Balances (2010-)","World","Production","Eggs","2021","1000 t","93687"
"Food Balances (2010-)","World","Import quantity","Eggs","2021","1000 t","3395"
"Food Balances (2010-)","World","Stock Variation","Eggs","2021","1000 t","57"
"Food Balances (2010-)","World","Export quantity","Eggs","2021","1000 t","3423"
"Food Balances (2010-)","World","Feed","Eggs","2021","1000 t","84"
"Food Balances (2010-)","World","Seed","Eggs","2021","1000 t","6378"
"Food Balances (2010-)","World","Losses","Eggs","2021","1000 t","4735"
"Food Balances (2010-)","World","Other uses (non-food)","Eggs","2021","1000 t","27"
"Food Balances (2010-)","World","Tourist consumption","Eggs","2021","1000 t","0"
"Food Balances (2010-)","World","Residuals","Eggs","2021","1000 t","-233"
"Food Balances (2010-)","World","Food","Eggs","2021","1000 t","82611"
"Food Balances (2010-)","World","Food supply quantity (kg/capita/yr)","Eggs","2021","kg/cap","10.48"
"Food Balances (2010-)","World","Food supply (kcal/capita/day)","Eggs","2021","kcal/cap/d","37"
"Food Balances (2010-)","World","Food supply (kcal)","Eggs","2021","Kcal","106690738.3"
"Food Balances (2010-)","World","Production","Eggs","2022","1000 t","94069"
"Food Balances (2010-)","World","Import quantity","Eggs","2022","1000 t","3454"
"Food Balances (2010-)","World","Stock Variation","Eggs","2022","1000 t","31"
"Food Balances (2010-)","World","Export quantity","Eggs","2022","1000 t","3138"
"Food Balances (2010-)","World","Feed","Eggs","2022","1000 t","79"
"Food Balances (2010-)","World","Seed","Eggs","2022","1000 t","6476"
"Food Balances (2010-)","World","Losses","Eggs","2022","1000 t","4696"
"Food Balances (2010-)","World","Other uses (non-food)","Eggs","2022","1000 t","38"
"Food Balances (2010-)","World","Tourist consumption","Eggs","2022","1000 t","70"
"Food Balances (2010-)","World","Residuals","Eggs","2022","1000 t","-316"
"Food Balances (2010-)","World","Food","Eggs","2022","1000 t","83312"
"Food Balances (2010-)","World","Food supply quantity (kg/capita/yr)","Eggs","2022","kg/cap","10.48"
"Food Balances (2010-)","World","Food supply (kcal/capita/day)","Eggs","2022","kcal/cap/d","37"
"Food Balances (2010-)","World","Food supply (kcal)","Eggs","2022","Kcal","107636037.22"
"Food Balances (2010-)","World","Production","Milk - Excluding Butter","2010","1000 t","724329"
"Food Balances (2010-)","World","Import quantity","Milk - Excluding Butter","2010","1000 t","149207"
"Food Balances (2010-)","World","Stock Variation","Milk - Excluding Butter","2010","1000 t","-2461"
"Food Balances (2010-)","World","Export quantity","Milk - Excluding Butter","2010","1000 t","88972"
"Food Balances (2010-)","World","Feed","Milk - Excluding Butter","2010","1000 t","60579"
"Food Balances (2010-)","World","Losses","Milk - Excluding Butter","2010","1000 t","20568"
"Food Balances (2010-)","World","Processing","Milk - Excluding Butter","2010","1000 t","198491"
"Food Balances (2010-)","World","Other uses (non-food)","Milk - Excluding Butter","2010","1000 t","5590"
"Food Balances (2010-)","World","Tourist consumption","Milk - Excluding Butter","2010","1000 t","473"
"Food Balances (2010-)","World","Residuals","Milk - Excluding Butter","2010","1000 t","3916"
"Food Balances (2010-)","World","Food","Milk - Excluding Butter","2010","1000 t","497409"
"Food Balances (2010-)","World","Food supply quantity (kg/capita/yr)","Milk - Excluding Butter","2010","kg/cap","71.94"
"Food Balances (2010-)","World","Food supply (kcal/capita/day)","Milk - Excluding Butter","2010","kcal/cap/d","141"
"Food Balances (2010-)","World","Food supply (kcal)","Milk - Excluding Butter","2010","Kcal","355849202.75"
"Food Balances (2010-)","World","Production","Milk - Excluding Butter","2011","1000 t","741604"
"Food Balances (2010-)","World","Import quantity","Milk - Excluding Butter","2011","1000 t","158539"
"Food Balances (2010-)","World","Stock Variation","Milk - Excluding Butter","2011","1000 t","-625"
"Food Balances (2010-)","World","Export quantity","Milk - Excluding Butter","2011","1000 t","91566"
"Food Balances (2010-)","World","Feed","Milk - Excluding Butter","2011","1000 t","61789"
"Food Balances (2010-)","World","Losses","Milk - Excluding Butter","2011","1000 t","21309"
"Food Balances (2010-)","World","Processing","Milk - Excluding Butter","2011","1000 t","206068"
"Food Balances (2010-)","World","Other uses (non-food)","Milk - Excluding Butter","2011","1000 t","5974"
"Food Balances (2010-)","World","Tourist consumption","Milk - Excluding Butter","2011","1000 t","448"
"Food Balances (2010-)","World","Residuals","Milk - Excluding Butter","2011","1000 t","3792"
"Food Balances (2010-)","World","Food","Milk - Excluding Butter","2011","1000 t","509822"
"Food Balances (2010-)","World","Food supply quantity (kg/capita/yr)","Milk - Excluding Butter","2011","kg/cap","72.83"
"Food Balances (2010-)","World","Food supply (kcal/capita/day)","Milk - Excluding Butter","2011","kcal/cap/d","142"
"Food Balances (2010-)","World","Food supply (kcal)","Milk - Excluding Butter","2011","Kcal","363969568.31"
"Food Balances (2010-)","World","Production","Milk - Excluding Butter","2012","1000 t","763480"
"Food Balances (2010-)","World","Import quantity","Milk - Excluding Butter","2012","1000 t","177446"
"Food Balances (2010-)","World","Stock Variation","Milk - Excluding Butter","2012","1000 t","253"
"Food Balances (2010-)","World","Export quantity","Milk - Excluding Butter","2012","1000 t","101688"
"Food Balances (2010-)","World","Feed","Milk - Excluding Butter","2012","1000 t","66715"
"Food Balances (2010-)","World","Losses","Milk - Excluding Butter","2012","1000 t","22322"
"Food Balances (2010-)","World","Processing","Milk - Excluding Butter","2012","1000 t","214056"
"Food Balances (2010-)","World","Other uses (non-food)","Milk - Excluding Butter","2012","1000 t","11220"
"Food Balances (2010-)","World","Tourist consumption","Milk - Excluding Butter","2012","1000 t","543"
"Food Balances (2010-)","World","Residuals","Milk - Excluding Butter","2012","1000 t","333"
"Food Balances (2010-)","World","Food","Milk - Excluding Butter","2012","1000 t","523796"
"Food Balances (2010-)","World","Food supply quantity (kg/capita/yr)","Milk - Excluding Butter","2012","kg/cap","73.55"
"Food Balances (2010-)","World","Food supply (kcal/capita/day)","Milk - Excluding Butter","2012","kcal/cap/d","144"
"Food Balances (2010-)","World","Food supply (kcal)","Milk - Excluding Butter","2012","Kcal","374588045.68"
"Food Balances (2010-)","World","Production","Milk - Excluding Butter","2013","1000 t","771864"
"Food Balances (2010-)","World","Import quantity","Milk - Excluding Butter","2013","1000 t","183489"
"Food Balances (2010-)","World","Stock Variation","Milk - Excluding Butter","2013","1000 t","227"
"Food Balances (2010-)","World","Export quantity","Milk - Excluding Butter","2013","1000 t","104114"
"Food Balances (2010-)","World","Feed","Milk - Excluding Butter","2013","1000 t","69549"
"Food Balances (2010-)","World","Losses","Milk - Excluding Butter","2013","1000 t","24404"
"Food Balances (2010-)","World","Processing","Milk - Excluding Butter","2013","1000 t","218877"
"Food Balances (2010-)","World","Other uses (non-food)","Milk - Excluding Butter","2013","1000 t","11511"
"Food Balances (2010-)","World","Tourist consumption","Milk - Excluding Butter","2013","1000 t","660"
"Food Balances (2010-)","World","Residuals","Milk - Excluding Butter","2013","1000 t","-732"
"Food Balances (2010-)","World","Food","Milk - Excluding Butter","2013","1000 t","526743"
"Food Balances (2010-)","World","Food supply quantity (kg/capita/yr)","Milk - Excluding Butter","2013","kg/cap","73.06"
"Food Balances (2010-)","World","Food supply (kcal/capita/day)","Milk - Excluding Butter","2013","kcal/cap/d","143"
"Food Balances (2010-)","World","Food supply (kcal)","Milk - Excluding Butter","2013","Kcal","376741337.9"
"Food Balances (2010-)","World","Production","Milk - Excluding Butter","2014","1000 t","801308"
"Food Balances (2010-)","World","Import quantity","Milk - Excluding Butter","2014","1000 t","193838"
"Food Balances (2010-)","World","Stock Variation","Milk - Excluding Butter","2014","1000 t","4286"
"Food Balances (2010-)","World","Export quantity","Milk - Excluding Butter","2014","1000 t","100194"
"Food Balances (2010-)","World","Feed","Milk - Excluding Butter","2014","1000 t","70855"
"Food Balances (2010-)","World","Losses","Milk - Excluding Butter","2014","1000 t","24889"
"Food Balances (2010-)","World","Processing","Milk - Excluding Butter","2014","1000 t","242638"
"Food Balances (2010-)","World","Other uses (non-food)","Milk - Excluding Butter","2014","1000 t","14933"
"Food Balances (2010-)","World","Tourist consumption","Milk - Excluding Butter","2014","1000 t","757"
"Food Balances (2010-)","World","Residuals","Milk - Excluding Butter","2014","1000 t","-1032"
"Food Balances (2010-)","World","Food","Milk - Excluding Butter","2014","1000 t","537627"
"Food Balances (2010-)","World","Food supply quantity (kg/capita/yr)","Milk - Excluding Butter","2014","kg/cap","73.67"
"Food Balances (2010-)","World","Food supply (kcal/capita/day)","Milk - Excluding Butter","2014","kcal/cap/d","147"
"Food Balances (2010-)","World","Food supply (kcal)","Milk - Excluding Butter","2014","Kcal","390307137.36"
"Food Balances (2010-)","World","Production","Milk - Excluding Butter","2015","1000 t","809763"
"Food Balances (2010-)","World","Import quantity","Milk - Excluding Butter","2015","1000 t","193637"
"Food Balances (2010-)","World","Stock Variation","Milk - Excluding Butter","2015","1000 t","5234"
"Food Balances (2010-)","World","Export quantity","Milk - Excluding Butter","2015","1000 t","103554"
"Food Balances (2010-)","World","Feed","Milk - Excluding Butter","2015","1000 t","69690"
"Food Balances (2010-)","World","Losses","Milk - Excluding Butter","2015","1000 t","24727"
"Food Balances (2010-)","World","Processing","Milk - Excluding Butter","2015","1000 t","245690"
"Food Balances (2010-)","World","Other uses (non-food)","Milk - Excluding Butter","2015","1000 t","13819"
"Food Balances (2010-)","World","Tourist consumption","Milk - Excluding Butter","2015","1000 t","745"
"Food Balances (2010-)","World","Residuals","Milk - Excluding Butter","2015","1000 t","134"
"Food Balances (2010-)","World","Food","Milk - Excluding Butter","2015","1000 t","539807"
"Food Balances (2010-)","World","Food supply quantity (kg/capita/yr)","Milk - Excluding Butter","2015","kg/cap","73.1"
"Food Balances (2010-)","World","Food supply (kcal/capita/day)","Milk - Excluding Butter","2015","kcal/cap/d","145"
"Food Balances (2010-)","World","Food supply (kcal)","Milk - Excluding Butter","2015","Kcal","391833724.73"
"Food Balances (2010-)","World","Production","Milk - Excluding Butter","2016","1000 t","820122"
"Food Balances (2010-)","World","Import quantity","Milk - Excluding Butter","2016","1000 t","203485"
"Food Balances (2010-)","World","Stock Variation","Milk - Excluding Butter","2016","1000 t","2966"
"Food Balances (2010-)","World","Export quantity","Milk - Excluding Butter","2016","1000 t","105284"
"Food Balances (2010-)","World","Feed","Milk - Excluding Butter","2016","1000 t","75211"
"Food Balances (2010-)","World","Losses","Milk - Excluding Butter","2016","1000 t","22572"
"Food Balances (2010-)","World","Processing","Milk - Excluding Butter","2016","1000 t","249430"
"Food Balances (2010-)","World","Other uses (non-food)","Milk - Excluding Butter","2016","1000 t","15631"
"Food Balances (2010-)","World","Tourist consumption","Milk - Excluding Butter","2016","1000 t","751"
"Food Balances (2010-)","World","Residuals","Milk - Excluding Butter","2016","1000 t","-171"
"Food Balances (2010-)","World","Food","Milk - Excluding Butter","2016","1000 t","551932"
"Food Balances (2010-)","World","Food supply quantity (kg/capita/yr)","Milk - Excluding Butter","2016","kg/cap","73.88"
"Food Balances (2010-)","World","Food supply (kcal/capita/day)","Milk - Excluding Butter","2016","kcal/cap/d","147"
"Food Balances (2010-)","World","Food supply (kcal)","Milk - Excluding Butter","2016","Kcal","399582595.46"
"Food Balances (2010-)","World","Production","Milk - Excluding Butter","2017","1000 t","838925"
"Food Balances (2010-)","World","Import quantity","Milk - Excluding Butter","2017","1000 t","211354"
"Food Balances (2010-)","World","Stock Variation","Milk - Excluding Butter","2017","1000 t","5429"
"Food Balances (2010-)","World","Export quantity","Milk - Excluding Butter","2017","1000 t","108697"
"Food Balances (2010-)","World","Feed","Milk - Excluding Butter","2017","1000 t","78794"
"Food Balances (2010-)","World","Losses","Milk - Excluding Butter","2017","1000 t","23057"
"Food Balances (2010-)","World","Processing","Milk - Excluding Butter","2017","1000 t","254781"
"Food Balances (2010-)","World","Other uses (non-food)","Milk - Excluding Butter","2017","1000 t","16159"
"Food Balances (2010-)","World","Tourist consumption","Milk - Excluding Butter","2017","1000 t","731"
"Food Balances (2010-)","World","Residuals","Milk - Excluding Butter","2017","1000 t","-680"
"Food Balances (2010-)","World","Food","Milk - Excluding Butter","2017","1000 t","563311"
"Food Balances (2010-)","World","Food supply quantity (kg/capita/yr)","Milk - Excluding Butter","2017","kg/cap","74.54"
"Food Balances (2010-)","World","Food supply (kcal/capita/day)","Milk - Excluding Butter","2017","kcal/cap/d","148"
"Food Balances (2010-)","World","Food supply (kcal)","Milk - Excluding Butter","2017","Kcal","408339683.5"
"Food Balances (2010-)","World","Production","Milk - Excluding Butter","2018","1000 t","861917"
"Food Balances (2010-)","World","Import quantity","Milk - Excluding Butter","2018","1000 t","215117"
"Food Balances (2010-)","World","Stock Variation","Milk - Excluding Butter","2018","1000 t","3678"
"Food Balances (2010-)","World","Export quantity","Milk - Excluding Butter","2018","1000 t","107506"
"Food Balances (2010-)","World","Feed","Milk - Excluding Butter","2018","1000 t","79804"
"Food Balances (2010-)","World","Losses","Milk - Excluding Butter","2018","1000 t","23644"
"Food Balances (2010-)","World","Processing","Milk - Excluding Butter","2018","1000 t","267646"
"Food Balances (2010-)","World","Other uses (non-food)","Milk - Excluding Butter","2018","1000 t","17854"
"Food Balances (2010-)","World","Tourist consumption","Milk - Excluding Butter","2018","1000 t","731"
"Food Balances (2010-)","World","Residuals","Milk - Excluding Butter","2018","1000 t","-4027"
"Food Balances (2010-)","World","Food","Milk - Excluding Butter","2018","1000 t","580199"
"Food Balances (2010-)","World","Food supply quantity (kg/capita/yr)","Milk - Excluding Butter","2018","kg/cap","75.93"
"Food Balances (2010-)","World","Food supply (kcal/capita/day)","Milk - Excluding Butter","2018","kcal/cap/d","151"
"Food Balances (2010-)","World","Food supply (kcal)","Milk - Excluding Butter","2018","Kcal","422007480.12"
"Food Balances (2010-)","World","Production","Milk - Excluding Butter","2019","1000 t","888902"
"Food Balances (2010-)","World","Import quantity","Milk - Excluding Butter","2019","1000 t","217373"
"Food Balances (2010-)","World","Stock Variation","Milk - Excluding Butter","2019","1000 t","5057"
"Food Balances (2010-)","World","Export quantity","Milk - Excluding Butter","2019","1000 t","104168"
"Food Balances (2010-)","World","Feed","Milk - Excluding Butter","2019","1000 t","82156"
"Food Balances (2010-)","World","Losses","Milk - Excluding Butter","2019","1000 t","25250"
"Food Balances (2010-)","World","Processing","Milk - Excluding Butter","2019","1000 t","260470"
"Food Balances (2010-)","World","Other uses (non-food)","Milk - Excluding Butter","2019","1000 t","19753"
"Food Balances (2010-)","World","Tourist consumption","Milk - Excluding Butter","2019","1000 t","715"
"Food Balances (2010-)","World","Residuals","Milk - Excluding Butter","2019","1000 t","-3110"
"Food Balances (2010-)","World","Food","Milk - Excluding Butter","2019","1000 t","611815"
"Food Balances (2010-)","World","Food supply quantity (kg/capita/yr)","Milk - Excluding Butter","2019","kg/cap","79.07"
"Food Balances (2010-)","World","Food supply (kcal/capita/day)","Milk - Excluding Butter","2019","kcal/cap/d","158"
"Food Balances (2010-)","World","Food supply (kcal)","Milk - Excluding Butter","2019","Kcal","446524300.37"
"Food Balances (2010-)","World","Production","Milk - Excluding Butter","2020","1000 t","912217"
"Food Balances (2010-)","World","Import quantity","Milk - Excluding Butter","2020","1000 t","210194"
"Food Balances (2010-)","World","Stock Variation","Milk - Excluding Butter","2020","1000 t","3889"
"Food Balances (2010-)","World","Export quantity","Milk - Excluding Butter","2020","1000 t","104034"
"Food Balances (2010-)","World","Feed","Milk - Excluding Butter","2020","1000 t","81680"
"Food Balances (2010-)","World","Losses","Milk - Excluding Butter","2020","1000 t","25780"
"Food Balances (2010-)","World","Processing","Milk - Excluding Butter","2020","1000 t","261072"
"Food Balances (2010-)","World","Other uses (non-food)","Milk - Excluding Butter","2020","1000 t","16263"
"Food Balances (2010-)","World","Tourist consumption","Milk - Excluding Butter","2020","1000 t","12"
"Food Balances (2010-)","World","Residuals","Milk - Excluding Butter","2020","1000 t","-3269"
"Food Balances (2010-)","World","Food","Milk - Excluding Butter","2020","1000 t","632950"
"Food Balances (2010-)","World","Food supply quantity (kg/capita/yr)","Milk - Excluding Butter","2020","kg/cap","81.01"
"Food Balances (2010-)","World","Food supply (kcal/capita/day)","Milk - Excluding Butter","2020","kcal/cap/d","162"
"Food Balances (2010-)","World","Food supply (kcal)","Milk - Excluding Butter","2020","Kcal","462407597.83"
"Food Balances (2010-)","World","Production","Milk - Excluding Butter","2021","1000 t","940923"
"Food Balances (2010-)","World","Import quantity","Milk - Excluding Butter","2021","1000 t","221667"
"Food Balances (2010-)","World","Stock Variation","Milk - Excluding Butter","2021","1000 t","3096"
"Food Balances (2010-)","World","Export quantity","Milk - Excluding Butter","2021","1000 t","108012"
"Food Balances (2010-)","World","Feed","Milk - Excluding Butter","2021","1000 t","83326"
"Food Balances (2010-)","World","Losses","Milk - Excluding Butter","2021","1000 t","27756"
"Food Balances (2010-)","World","Processing","Milk - Excluding Butter","2021","1000 t","272378"
"Food Balances (2010-)","World","Other uses (non-food)","Milk - Excluding Butter","2021","1000 t","18820"
"Food Balances (2010-)","World","Tourist consumption","Milk - Excluding Butter","2021","1000 t","16"
"Food Balances (2010-)","World","Residuals","Milk - Excluding Butter","2021","1000 t","-3769"
"Food Balances (2010-)","World","Food","Milk - Excluding Butter","2021","1000 t","652955"
"Food Balances (2010-)","World","Food supply quantity (kg/capita/yr)","Milk - Excluding Butter","2021","kg/cap","82.85"
"Food Balances (2010-)","World","Food supply (kcal/capita/day)","Milk - Excluding Butter","2021","kcal/cap/d","166"
"Food Balances (2010-)","World","Food supply (kcal)","Milk - Excluding Butter","2021","Kcal","478762569.78"
"Food Balances (2010-)","World","Production","Milk - Excluding Butter","2022","1000 t","930489"
"Food Balances (2010-)","World","Import quantity","Milk - Excluding Butter","2022","1000 t","227460"
"Food Balances (2010-)","World","Stock Variation","Milk - Excluding Butter","2022","1000 t","2580"
"Food Balances (2010-)","World","Export quantity","Milk - Excluding Butter","2022","1000 t","108616"
"Food Balances (2010-)","World","Feed","Milk - Excluding Butter","2022","1000 t","81964"
"Food Balances (2010-)","World","Losses","Milk - Excluding Butter","2022","1000 t","27766"
"Food Balances (2010-)","World","Processing","Milk - Excluding Butter","2022","1000 t","266827"
"Food Balances (2010-)","World","Other uses (non-food)","Milk - Excluding Butter","2022","1000 t","17561"
"Food Balances (2010-)","World","Tourist consumption","Milk - Excluding Butter","2022","1000 t","742"
"Food Balances (2010-)","World","Residuals","Milk - Excluding Butter","2022","1000 t","-5015"
"Food Balances (2010-)","World","Food","Milk - Excluding Butter","2022","1000 t","656907"
"Food Balances (2010-)","World","Food supply quantity (kg/capita/yr)","Milk - Excluding Butter","2022","kg/cap","82.66"
"Food Balances (2010-)","World","Food supply (kcal/capita/day)","Milk - Excluding Butter","2022","kcal/cap/d","163"
"Food Balances (2010-)","World","Food supply (kcal)","Milk - Excluding Butter","2022","Kcal","472908123.97"
